Name, Original Size, LZ77 Size, LOOK_AHEAD, SEARCH_SIZE
NMEAmD_35pts_7km.json,727,630,100,100
NMEAmD_35pts_7km.json,727,632,100,110
NMEAmD_35pts_7km.json,727,635,100,120
NMEAmD_35pts_7km.json,727,637,100,130
NMEAmD_35pts_7km.json,727,640,100,140
NMEAmD_35pts_7km.json,727,642,100,150
NMEAmD_35pts_7km.json,727,645,100,160
NMEAmD_35pts_7km.json,727,647,100,170
NMEAmD_35pts_7km.json,727,650,100,180
NMEAmD_35pts_7km.json,727,652,100,190
NMEAmD_35pts_7km.json,727,655,100,200
NMEAmD_35pts_7km.json,727,657,100,210
NMEAmD_35pts_7km.json,727,660,100,220
NMEAmD_35pts_7km.json,727,662,100,230
NMEAmD_35pts_7km.json,727,665,100,240
NMEAmD_35pts_7km.json,727,667,100,250
NMEAmD_35pts_7km.json,727,630,110,100
NMEAmD_35pts_7km.json,727,632,110,110
NMEAmD_35pts_7km.json,727,635,110,120
NMEAmD_35pts_7km.json,727,637,110,130
NMEAmD_35pts_7km.json,727,640,110,140
NMEAmD_35pts_7km.json,727,642,110,150
NMEAmD_35pts_7km.json,727,645,110,160
NMEAmD_35pts_7km.json,727,647,110,170
NMEAmD_35pts_7km.json,727,650,110,180
NMEAmD_35pts_7km.json,727,652,110,190
NMEAmD_35pts_7km.json,727,655,110,200
NMEAmD_35pts_7km.json,727,657,110,210
NMEAmD_35pts_7km.json,727,660,110,220
NMEAmD_35pts_7km.json,727,662,110,230
NMEAmD_35pts_7km.json,727,665,110,240
NMEAmD_35pts_7km.json,727,667,110,250
NMEAmD_35pts_7km.json,727,630,120,100
NMEAmD_35pts_7km.json,727,632,120,110
NMEAmD_35pts_7km.json,727,635,120,120
NMEAmD_35pts_7km.json,727,637,120,130
NMEAmD_35pts_7km.json,727,640,120,140
NMEAmD_35pts_7km.json,727,642,120,150
NMEAmD_35pts_7km.json,727,645,120,160
NMEAmD_35pts_7km.json,727,647,120,170
NMEAmD_35pts_7km.json,727,650,120,180
NMEAmD_35pts_7km.json,727,652,120,190
NMEAmD_35pts_7km.json,727,655,120,200
NMEAmD_35pts_7km.json,727,657,120,210
NMEAmD_35pts_7km.json,727,660,120,220
NMEAmD_35pts_7km.json,727,662,120,230
NMEAmD_35pts_7km.json,727,665,120,240
NMEAmD_35pts_7km.json,727,667,120,250
NMEAmD_35pts_7km.json,727,652,130,100
NMEAmD_35pts_7km.json,727,654,130,110
NMEAmD_35pts_7km.json,727,657,130,120
NMEAmD_35pts_7km.json,727,659,130,130
NMEAmD_35pts_7km.json,727,662,130,140
NMEAmD_35pts_7km.json,727,664,130,150
NMEAmD_35pts_7km.json,727,667,130,160
NMEAmD_35pts_7km.json,727,669,130,170
NMEAmD_35pts_7km.json,727,672,130,180
NMEAmD_35pts_7km.json,727,674,130,190
NMEAmD_35pts_7km.json,727,677,130,200
NMEAmD_35pts_7km.json,727,679,130,210
NMEAmD_35pts_7km.json,727,682,130,220
NMEAmD_35pts_7km.json,727,684,130,230
NMEAmD_35pts_7km.json,727,687,130,240
NMEAmD_35pts_7km.json,727,689,130,250
NMEAmD_35pts_7km.json,727,652,140,100
NMEAmD_35pts_7km.json,727,654,140,110
NMEAmD_35pts_7km.json,727,657,140,120
NMEAmD_35pts_7km.json,727,659,140,130
NMEAmD_35pts_7km.json,727,662,140,140
NMEAmD_35pts_7km.json,727,664,140,150
NMEAmD_35pts_7km.json,727,667,140,160
NMEAmD_35pts_7km.json,727,669,140,170
NMEAmD_35pts_7km.json,727,672,140,180
NMEAmD_35pts_7km.json,727,674,140,190
NMEAmD_35pts_7km.json,727,677,140,200
NMEAmD_35pts_7km.json,727,679,140,210
NMEAmD_35pts_7km.json,727,682,140,220
NMEAmD_35pts_7km.json,727,684,140,230
NMEAmD_35pts_7km.json,727,687,140,240
NMEAmD_35pts_7km.json,727,689,140,250
NMEAmD_35pts_7km.json,727,652,150,100
NMEAmD_35pts_7km.json,727,654,150,110
NMEAmD_35pts_7km.json,727,657,150,120
NMEAmD_35pts_7km.json,727,659,150,130
NMEAmD_35pts_7km.json,727,662,150,140
NMEAmD_35pts_7km.json,727,664,150,150
NMEAmD_35pts_7km.json,727,667,150,160
NMEAmD_35pts_7km.json,727,669,150,170
NMEAmD_35pts_7km.json,727,672,150,180
NMEAmD_35pts_7km.json,727,674,150,190
NMEAmD_35pts_7km.json,727,677,150,200
NMEAmD_35pts_7km.json,727,679,150,210
NMEAmD_35pts_7km.json,727,682,150,220
NMEAmD_35pts_7km.json,727,684,150,230
NMEAmD_35pts_7km.json,727,687,150,240
NMEAmD_35pts_7km.json,727,689,150,250
NMEAmD_35pts_7km.json,727,652,160,100
NMEAmD_35pts_7km.json,727,654,160,110
NMEAmD_35pts_7km.json,727,657,160,120
NMEAmD_35pts_7km.json,727,659,160,130
NMEAmD_35pts_7km.json,727,662,160,140
NMEAmD_35pts_7km.json,727,664,160,150
NMEAmD_35pts_7km.json,727,667,160,160
NMEAmD_35pts_7km.json,727,669,160,170
NMEAmD_35pts_7km.json,727,672,160,180
NMEAmD_35pts_7km.json,727,674,160,190
NMEAmD_35pts_7km.json,727,677,160,200
NMEAmD_35pts_7km.json,727,679,160,210
NMEAmD_35pts_7km.json,727,682,160,220
NMEAmD_35pts_7km.json,727,684,160,230
NMEAmD_35pts_7km.json,727,687,160,240
NMEAmD_35pts_7km.json,727,689,160,250
NMEAmD_35pts_7km.json,727,652,170,100
NMEAmD_35pts_7km.json,727,654,170,110
NMEAmD_35pts_7km.json,727,657,170,120
NMEAmD_35pts_7km.json,727,659,170,130
NMEAmD_35pts_7km.json,727,662,170,140
NMEAmD_35pts_7km.json,727,664,170,150
NMEAmD_35pts_7km.json,727,667,170,160
NMEAmD_35pts_7km.json,727,669,170,170
NMEAmD_35pts_7km.json,727,672,170,180
NMEAmD_35pts_7km.json,727,674,170,190
NMEAmD_35pts_7km.json,727,677,170,200
NMEAmD_35pts_7km.json,727,679,170,210
NMEAmD_35pts_7km.json,727,682,170,220
NMEAmD_35pts_7km.json,727,684,170,230
NMEAmD_35pts_7km.json,727,687,170,240
NMEAmD_35pts_7km.json,727,689,170,250
NMEAmD_35pts_7km.json,727,652,180,100
NMEAmD_35pts_7km.json,727,654,180,110
NMEAmD_35pts_7km.json,727,657,180,120
NMEAmD_35pts_7km.json,727,659,180,130
NMEAmD_35pts_7km.json,727,662,180,140
NMEAmD_35pts_7km.json,727,664,180,150
NMEAmD_35pts_7km.json,727,667,180,160
NMEAmD_35pts_7km.json,727,669,180,170
NMEAmD_35pts_7km.json,727,672,180,180
NMEAmD_35pts_7km.json,727,674,180,190
NMEAmD_35pts_7km.json,727,677,180,200
NMEAmD_35pts_7km.json,727,679,180,210
NMEAmD_35pts_7km.json,727,682,180,220
NMEAmD_35pts_7km.json,727,684,180,230
NMEAmD_35pts_7km.json,727,687,180,240
NMEAmD_35pts_7km.json,727,689,180,250
NMEAmD_35pts_7km.json,727,652,190,100
NMEAmD_35pts_7km.json,727,654,190,110
NMEAmD_35pts_7km.json,727,657,190,120
NMEAmD_35pts_7km.json,727,659,190,130
NMEAmD_35pts_7km.json,727,662,190,140
NMEAmD_35pts_7km.json,727,664,190,150
NMEAmD_35pts_7km.json,727,667,190,160
NMEAmD_35pts_7km.json,727,669,190,170
NMEAmD_35pts_7km.json,727,672,190,180
NMEAmD_35pts_7km.json,727,674,190,190
NMEAmD_35pts_7km.json,727,677,190,200
NMEAmD_35pts_7km.json,727,679,190,210
NMEAmD_35pts_7km.json,727,682,190,220
NMEAmD_35pts_7km.json,727,684,190,230
NMEAmD_35pts_7km.json,727,687,190,240
NMEAmD_35pts_7km.json,727,689,190,250
NMEAmD_35pts_7km.json,727,652,200,100
NMEAmD_35pts_7km.json,727,654,200,110
NMEAmD_35pts_7km.json,727,657,200,120
NMEAmD_35pts_7km.json,727,659,200,130
NMEAmD_35pts_7km.json,727,662,200,140
NMEAmD_35pts_7km.json,727,664,200,150
NMEAmD_35pts_7km.json,727,667,200,160
NMEAmD_35pts_7km.json,727,669,200,170
NMEAmD_35pts_7km.json,727,672,200,180
NMEAmD_35pts_7km.json,727,674,200,190
NMEAmD_35pts_7km.json,727,677,200,200
NMEAmD_35pts_7km.json,727,679,200,210
NMEAmD_35pts_7km.json,727,682,200,220
NMEAmD_35pts_7km.json,727,684,200,230
NMEAmD_35pts_7km.json,727,687,200,240
NMEAmD_35pts_7km.json,727,689,200,250
NMEAmD_35pts_7km.json,727,652,210,100
NMEAmD_35pts_7km.json,727,654,210,110
NMEAmD_35pts_7km.json,727,657,210,120
NMEAmD_35pts_7km.json,727,659,210,130
NMEAmD_35pts_7km.json,727,662,210,140
NMEAmD_35pts_7km.json,727,664,210,150
NMEAmD_35pts_7km.json,727,667,210,160
NMEAmD_35pts_7km.json,727,669,210,170
NMEAmD_35pts_7km.json,727,672,210,180
NMEAmD_35pts_7km.json,727,674,210,190
NMEAmD_35pts_7km.json,727,677,210,200
NMEAmD_35pts_7km.json,727,679,210,210
NMEAmD_35pts_7km.json,727,682,210,220
NMEAmD_35pts_7km.json,727,684,210,230
NMEAmD_35pts_7km.json,727,687,210,240
NMEAmD_35pts_7km.json,727,689,210,250
NMEAmD_35pts_7km.json,727,652,220,100
NMEAmD_35pts_7km.json,727,654,220,110
NMEAmD_35pts_7km.json,727,657,220,120
NMEAmD_35pts_7km.json,727,659,220,130
NMEAmD_35pts_7km.json,727,662,220,140
NMEAmD_35pts_7km.json,727,664,220,150
NMEAmD_35pts_7km.json,727,667,220,160
NMEAmD_35pts_7km.json,727,669,220,170
NMEAmD_35pts_7km.json,727,672,220,180
NMEAmD_35pts_7km.json,727,674,220,190
NMEAmD_35pts_7km.json,727,677,220,200
NMEAmD_35pts_7km.json,727,679,220,210
NMEAmD_35pts_7km.json,727,682,220,220
NMEAmD_35pts_7km.json,727,684,220,230
NMEAmD_35pts_7km.json,727,687,220,240
NMEAmD_35pts_7km.json,727,689,220,250
NMEAmD_35pts_7km.json,727,652,230,100
NMEAmD_35pts_7km.json,727,654,230,110
NMEAmD_35pts_7km.json,727,657,230,120
NMEAmD_35pts_7km.json,727,659,230,130
NMEAmD_35pts_7km.json,727,662,230,140
NMEAmD_35pts_7km.json,727,664,230,150
NMEAmD_35pts_7km.json,727,667,230,160
NMEAmD_35pts_7km.json,727,669,230,170
NMEAmD_35pts_7km.json,727,672,230,180
NMEAmD_35pts_7km.json,727,674,230,190
NMEAmD_35pts_7km.json,727,677,230,200
NMEAmD_35pts_7km.json,727,679,230,210
NMEAmD_35pts_7km.json,727,682,230,220
NMEAmD_35pts_7km.json,727,684,230,230
NMEAmD_35pts_7km.json,727,687,230,240
NMEAmD_35pts_7km.json,727,689,230,250
NMEAmD_35pts_7km.json,727,652,240,100
NMEAmD_35pts_7km.json,727,654,240,110
NMEAmD_35pts_7km.json,727,657,240,120
NMEAmD_35pts_7km.json,727,659,240,130
NMEAmD_35pts_7km.json,727,662,240,140
NMEAmD_35pts_7km.json,727,664,240,150
NMEAmD_35pts_7km.json,727,667,240,160
NMEAmD_35pts_7km.json,727,669,240,170
NMEAmD_35pts_7km.json,727,672,240,180
NMEAmD_35pts_7km.json,727,674,240,190
NMEAmD_35pts_7km.json,727,677,240,200
NMEAmD_35pts_7km.json,727,679,240,210
NMEAmD_35pts_7km.json,727,682,240,220
NMEAmD_35pts_7km.json,727,684,240,230
NMEAmD_35pts_7km.json,727,687,240,240
NMEAmD_35pts_7km.json,727,689,240,250
NMEAmD_35pts_7km.json,727,652,250,100
NMEAmD_35pts_7km.json,727,654,250,110
NMEAmD_35pts_7km.json,727,657,250,120
NMEAmD_35pts_7km.json,727,659,250,130
NMEAmD_35pts_7km.json,727,662,250,140
NMEAmD_35pts_7km.json,727,664,250,150
NMEAmD_35pts_7km.json,727,667,250,160
NMEAmD_35pts_7km.json,727,669,250,170
NMEAmD_35pts_7km.json,727,672,250,180
NMEAmD_35pts_7km.json,727,674,250,190
NMEAmD_35pts_7km.json,727,677,250,200
NMEAmD_35pts_7km.json,727,679,250,210
NMEAmD_35pts_7km.json,727,682,250,220
NMEAmD_35pts_7km.json,727,684,250,230
NMEAmD_35pts_7km.json,727,687,250,240
NMEAmD_35pts_7km.json,727,689,250,250
NMEAmD_35pts_7km.json,727,674,260,100
NMEAmD_35pts_7km.json,727,677,260,110
NMEAmD_35pts_7km.json,727,679,260,120
NMEAmD_35pts_7km.json,727,682,260,130
NMEAmD_35pts_7km.json,727,684,260,140
NMEAmD_35pts_7km.json,727,687,260,150
NMEAmD_35pts_7km.json,727,689,260,160
NMEAmD_35pts_7km.json,727,692,260,170
NMEAmD_35pts_7km.json,727,694,260,180
NMEAmD_35pts_7km.json,727,697,260,190
NMEAmD_35pts_7km.json,727,699,260,200
NMEAmD_35pts_7km.json,727,702,260,210
NMEAmD_35pts_7km.json,727,704,260,220
NMEAmD_35pts_7km.json,727,707,260,230
NMEAmD_35pts_7km.json,727,709,260,240
NMEAmD_35pts_7km.json,727,712,260,250
NMEAmD_35pts_7km.json,727,674,270,100
NMEAmD_35pts_7km.json,727,677,270,110
NMEAmD_35pts_7km.json,727,679,270,120
NMEAmD_35pts_7km.json,727,682,270,130
NMEAmD_35pts_7km.json,727,684,270,140
NMEAmD_35pts_7km.json,727,687,270,150
NMEAmD_35pts_7km.json,727,689,270,160
NMEAmD_35pts_7km.json,727,692,270,170
NMEAmD_35pts_7km.json,727,694,270,180
NMEAmD_35pts_7km.json,727,697,270,190
NMEAmD_35pts_7km.json,727,699,270,200
NMEAmD_35pts_7km.json,727,702,270,210
NMEAmD_35pts_7km.json,727,704,270,220
NMEAmD_35pts_7km.json,727,707,270,230
NMEAmD_35pts_7km.json,727,709,270,240
NMEAmD_35pts_7km.json,727,712,270,250
NMEAmD_35pts_7km.json,727,674,280,100
NMEAmD_35pts_7km.json,727,677,280,110
NMEAmD_35pts_7km.json,727,679,280,120
NMEAmD_35pts_7km.json,727,682,280,130
NMEAmD_35pts_7km.json,727,684,280,140
NMEAmD_35pts_7km.json,727,687,280,150
NMEAmD_35pts_7km.json,727,689,280,160
NMEAmD_35pts_7km.json,727,692,280,170
NMEAmD_35pts_7km.json,727,694,280,180
NMEAmD_35pts_7km.json,727,697,280,190
NMEAmD_35pts_7km.json,727,699,280,200
NMEAmD_35pts_7km.json,727,702,280,210
NMEAmD_35pts_7km.json,727,704,280,220
NMEAmD_35pts_7km.json,727,707,280,230
NMEAmD_35pts_7km.json,727,709,280,240
NMEAmD_35pts_7km.json,727,712,280,250
NMEAmD_35pts_7km.json,727,674,290,100
NMEAmD_35pts_7km.json,727,677,290,110
NMEAmD_35pts_7km.json,727,679,290,120
NMEAmD_35pts_7km.json,727,682,290,130
NMEAmD_35pts_7km.json,727,684,290,140
NMEAmD_35pts_7km.json,727,687,290,150
NMEAmD_35pts_7km.json,727,689,290,160
NMEAmD_35pts_7km.json,727,692,290,170
NMEAmD_35pts_7km.json,727,694,290,180
NMEAmD_35pts_7km.json,727,697,290,190
NMEAmD_35pts_7km.json,727,699,290,200
NMEAmD_35pts_7km.json,727,702,290,210
NMEAmD_35pts_7km.json,727,704,290,220
NMEAmD_35pts_7km.json,727,707,290,230
NMEAmD_35pts_7km.json,727,709,290,240
NMEAmD_35pts_7km.json,727,712,290,250
NMEAmD_35pts_7km.json,727,674,300,100
NMEAmD_35pts_7km.json,727,677,300,110
NMEAmD_35pts_7km.json,727,679,300,120
NMEAmD_35pts_7km.json,727,682,300,130
NMEAmD_35pts_7km.json,727,684,300,140
NMEAmD_35pts_7km.json,727,687,300,150
NMEAmD_35pts_7km.json,727,689,300,160
NMEAmD_35pts_7km.json,727,692,300,170
NMEAmD_35pts_7km.json,727,694,300,180
NMEAmD_35pts_7km.json,727,697,300,190
NMEAmD_35pts_7km.json,727,699,300,200
NMEAmD_35pts_7km.json,727,702,300,210
NMEAmD_35pts_7km.json,727,704,300,220
NMEAmD_35pts_7km.json,727,707,300,230
NMEAmD_35pts_7km.json,727,709,300,240
NMEAmD_35pts_7km.json,727,712,300,250
NMEAmD_35pts_7km.json,727,674,310,100
NMEAmD_35pts_7km.json,727,677,310,110
NMEAmD_35pts_7km.json,727,679,310,120
NMEAmD_35pts_7km.json,727,682,310,130
NMEAmD_35pts_7km.json,727,684,310,140
NMEAmD_35pts_7km.json,727,687,310,150
NMEAmD_35pts_7km.json,727,689,310,160
NMEAmD_35pts_7km.json,727,692,310,170
NMEAmD_35pts_7km.json,727,694,310,180
NMEAmD_35pts_7km.json,727,697,310,190
NMEAmD_35pts_7km.json,727,699,310,200
NMEAmD_35pts_7km.json,727,702,310,210
NMEAmD_35pts_7km.json,727,704,310,220
NMEAmD_35pts_7km.json,727,707,310,230
NMEAmD_35pts_7km.json,727,709,310,240
NMEAmD_35pts_7km.json,727,712,310,250
NMEAmD_35pts_7km.json,727,674,320,100
NMEAmD_35pts_7km.json,727,677,320,110
NMEAmD_35pts_7km.json,727,679,320,120
NMEAmD_35pts_7km.json,727,682,320,130
NMEAmD_35pts_7km.json,727,684,320,140
NMEAmD_35pts_7km.json,727,687,320,150
NMEAmD_35pts_7km.json,727,689,320,160
NMEAmD_35pts_7km.json,727,692,320,170
NMEAmD_35pts_7km.json,727,694,320,180
NMEAmD_35pts_7km.json,727,697,320,190
NMEAmD_35pts_7km.json,727,699,320,200
NMEAmD_35pts_7km.json,727,702,320,210
NMEAmD_35pts_7km.json,727,704,320,220
NMEAmD_35pts_7km.json,727,707,320,230
NMEAmD_35pts_7km.json,727,709,320,240
NMEAmD_35pts_7km.json,727,712,320,250
NMEAmD_35pts_7km.json,727,674,330,100
NMEAmD_35pts_7km.json,727,677,330,110
NMEAmD_35pts_7km.json,727,679,330,120
NMEAmD_35pts_7km.json,727,682,330,130
NMEAmD_35pts_7km.json,727,684,330,140
NMEAmD_35pts_7km.json,727,687,330,150
NMEAmD_35pts_7km.json,727,689,330,160
NMEAmD_35pts_7km.json,727,692,330,170
NMEAmD_35pts_7km.json,727,694,330,180
NMEAmD_35pts_7km.json,727,697,330,190
NMEAmD_35pts_7km.json,727,699,330,200
NMEAmD_35pts_7km.json,727,702,330,210
NMEAmD_35pts_7km.json,727,704,330,220
NMEAmD_35pts_7km.json,727,707,330,230
NMEAmD_35pts_7km.json,727,709,330,240
NMEAmD_35pts_7km.json,727,712,330,250
NMEAmD_35pts_7km.json,727,674,340,100
NMEAmD_35pts_7km.json,727,677,340,110
NMEAmD_35pts_7km.json,727,679,340,120
NMEAmD_35pts_7km.json,727,682,340,130
NMEAmD_35pts_7km.json,727,684,340,140
NMEAmD_35pts_7km.json,727,687,340,150
NMEAmD_35pts_7km.json,727,689,340,160
NMEAmD_35pts_7km.json,727,692,340,170
NMEAmD_35pts_7km.json,727,694,340,180
NMEAmD_35pts_7km.json,727,697,340,190
NMEAmD_35pts_7km.json,727,699,340,200
NMEAmD_35pts_7km.json,727,702,340,210
NMEAmD_35pts_7km.json,727,704,340,220
NMEAmD_35pts_7km.json,727,707,340,230
NMEAmD_35pts_7km.json,727,709,340,240
NMEAmD_35pts_7km.json,727,712,340,250
NMEAmD_35pts_7km.json,727,674,350,100
NMEAmD_35pts_7km.json,727,677,350,110
NMEAmD_35pts_7km.json,727,679,350,120
NMEAmD_35pts_7km.json,727,682,350,130
NMEAmD_35pts_7km.json,727,684,350,140
NMEAmD_35pts_7km.json,727,687,350,150
NMEAmD_35pts_7km.json,727,689,350,160
NMEAmD_35pts_7km.json,727,692,350,170
NMEAmD_35pts_7km.json,727,694,350,180
NMEAmD_35pts_7km.json,727,697,350,190
NMEAmD_35pts_7km.json,727,699,350,200
NMEAmD_35pts_7km.json,727,702,350,210
NMEAmD_35pts_7km.json,727,704,350,220
NMEAmD_35pts_7km.json,727,707,350,230
NMEAmD_35pts_7km.json,727,709,350,240
NMEAmD_35pts_7km.json,727,712,350,250
NMEAmD_35pts_7km.json,727,674,360,100
NMEAmD_35pts_7km.json,727,677,360,110
NMEAmD_35pts_7km.json,727,679,360,120
NMEAmD_35pts_7km.json,727,682,360,130
NMEAmD_35pts_7km.json,727,684,360,140
NMEAmD_35pts_7km.json,727,687,360,150
NMEAmD_35pts_7km.json,727,689,360,160
NMEAmD_35pts_7km.json,727,692,360,170
NMEAmD_35pts_7km.json,727,694,360,180
NMEAmD_35pts_7km.json,727,697,360,190
NMEAmD_35pts_7km.json,727,699,360,200
NMEAmD_35pts_7km.json,727,702,360,210
NMEAmD_35pts_7km.json,727,704,360,220
NMEAmD_35pts_7km.json,727,707,360,230
NMEAmD_35pts_7km.json,727,709,360,240
NMEAmD_35pts_7km.json,727,712,360,250
NMEAmD_35pts_7km.json,727,674,370,100
NMEAmD_35pts_7km.json,727,677,370,110
NMEAmD_35pts_7km.json,727,679,370,120
NMEAmD_35pts_7km.json,727,682,370,130
NMEAmD_35pts_7km.json,727,684,370,140
NMEAmD_35pts_7km.json,727,687,370,150
NMEAmD_35pts_7km.json,727,689,370,160
NMEAmD_35pts_7km.json,727,692,370,170
NMEAmD_35pts_7km.json,727,694,370,180
NMEAmD_35pts_7km.json,727,697,370,190
NMEAmD_35pts_7km.json,727,699,370,200
NMEAmD_35pts_7km.json,727,702,370,210
NMEAmD_35pts_7km.json,727,704,370,220
NMEAmD_35pts_7km.json,727,707,370,230
NMEAmD_35pts_7km.json,727,709,370,240
NMEAmD_35pts_7km.json,727,712,370,250
NMEAmD_35pts_7km.json,727,674,380,100
NMEAmD_35pts_7km.json,727,677,380,110
NMEAmD_35pts_7km.json,727,679,380,120
NMEAmD_35pts_7km.json,727,682,380,130
NMEAmD_35pts_7km.json,727,684,380,140
NMEAmD_35pts_7km.json,727,687,380,150
NMEAmD_35pts_7km.json,727,689,380,160
NMEAmD_35pts_7km.json,727,692,380,170
NMEAmD_35pts_7km.json,727,694,380,180
NMEAmD_35pts_7km.json,727,697,380,190
NMEAmD_35pts_7km.json,727,699,380,200
NMEAmD_35pts_7km.json,727,702,380,210
NMEAmD_35pts_7km.json,727,704,380,220
NMEAmD_35pts_7km.json,727,707,380,230
NMEAmD_35pts_7km.json,727,709,380,240
NMEAmD_35pts_7km.json,727,712,380,250
NMEAmD_35pts_7km.json,727,674,390,100
NMEAmD_35pts_7km.json,727,677,390,110
NMEAmD_35pts_7km.json,727,679,390,120
NMEAmD_35pts_7km.json,727,682,390,130
NMEAmD_35pts_7km.json,727,684,390,140
NMEAmD_35pts_7km.json,727,687,390,150
NMEAmD_35pts_7km.json,727,689,390,160
NMEAmD_35pts_7km.json,727,692,390,170
NMEAmD_35pts_7km.json,727,694,390,180
NMEAmD_35pts_7km.json,727,697,390,190
NMEAmD_35pts_7km.json,727,699,390,200
NMEAmD_35pts_7km.json,727,702,390,210
NMEAmD_35pts_7km.json,727,704,390,220
NMEAmD_35pts_7km.json,727,707,390,230
NMEAmD_35pts_7km.json,727,709,390,240
NMEAmD_35pts_7km.json,727,712,390,250
NMEAmD_35pts_7km.json,727,674,400,100
NMEAmD_35pts_7km.json,727,677,400,110
NMEAmD_35pts_7km.json,727,679,400,120
NMEAmD_35pts_7km.json,727,682,400,130
NMEAmD_35pts_7km.json,727,684,400,140
NMEAmD_35pts_7km.json,727,687,400,150
NMEAmD_35pts_7km.json,727,689,400,160
NMEAmD_35pts_7km.json,727,692,400,170
NMEAmD_35pts_7km.json,727,694,400,180
NMEAmD_35pts_7km.json,727,697,400,190
NMEAmD_35pts_7km.json,727,699,400,200
NMEAmD_35pts_7km.json,727,702,400,210
NMEAmD_35pts_7km.json,727,704,400,220
NMEAmD_35pts_7km.json,727,707,400,230
NMEAmD_35pts_7km.json,727,709,400,240
NMEAmD_35pts_7km.json,727,712,400,250
NMEAmD_35pts_7km.json,727,674,410,100
NMEAmD_35pts_7km.json,727,677,410,110
NMEAmD_35pts_7km.json,727,679,410,120
NMEAmD_35pts_7km.json,727,682,410,130
NMEAmD_35pts_7km.json,727,684,410,140
NMEAmD_35pts_7km.json,727,687,410,150
NMEAmD_35pts_7km.json,727,689,410,160
NMEAmD_35pts_7km.json,727,692,410,170
NMEAmD_35pts_7km.json,727,694,410,180
NMEAmD_35pts_7km.json,727,697,410,190
NMEAmD_35pts_7km.json,727,699,410,200
NMEAmD_35pts_7km.json,727,702,410,210
NMEAmD_35pts_7km.json,727,704,410,220
NMEAmD_35pts_7km.json,727,707,410,230
NMEAmD_35pts_7km.json,727,709,410,240
NMEAmD_35pts_7km.json,727,712,410,250
NMEAmD_35pts_7km.json,727,674,420,100
NMEAmD_35pts_7km.json,727,677,420,110
NMEAmD_35pts_7km.json,727,679,420,120
NMEAmD_35pts_7km.json,727,682,420,130
NMEAmD_35pts_7km.json,727,684,420,140
NMEAmD_35pts_7km.json,727,687,420,150
NMEAmD_35pts_7km.json,727,689,420,160
NMEAmD_35pts_7km.json,727,692,420,170
NMEAmD_35pts_7km.json,727,694,420,180
NMEAmD_35pts_7km.json,727,697,420,190
NMEAmD_35pts_7km.json,727,699,420,200
NMEAmD_35pts_7km.json,727,702,420,210
NMEAmD_35pts_7km.json,727,704,420,220
NMEAmD_35pts_7km.json,727,707,420,230
NMEAmD_35pts_7km.json,727,709,420,240
NMEAmD_35pts_7km.json,727,712,420,250
NMEAmD_35pts_7km.json,727,674,430,100
NMEAmD_35pts_7km.json,727,677,430,110
NMEAmD_35pts_7km.json,727,679,430,120
NMEAmD_35pts_7km.json,727,682,430,130
NMEAmD_35pts_7km.json,727,684,430,140
NMEAmD_35pts_7km.json,727,687,430,150
NMEAmD_35pts_7km.json,727,689,430,160
NMEAmD_35pts_7km.json,727,692,430,170
NMEAmD_35pts_7km.json,727,694,430,180
NMEAmD_35pts_7km.json,727,697,430,190
NMEAmD_35pts_7km.json,727,699,430,200
NMEAmD_35pts_7km.json,727,702,430,210
NMEAmD_35pts_7km.json,727,704,430,220
NMEAmD_35pts_7km.json,727,707,430,230
NMEAmD_35pts_7km.json,727,709,430,240
NMEAmD_35pts_7km.json,727,712,430,250
NMEAmD_35pts_7km.json,727,674,440,100
NMEAmD_35pts_7km.json,727,677,440,110
NMEAmD_35pts_7km.json,727,679,440,120
NMEAmD_35pts_7km.json,727,682,440,130
NMEAmD_35pts_7km.json,727,684,440,140
NMEAmD_35pts_7km.json,727,687,440,150
NMEAmD_35pts_7km.json,727,689,440,160
NMEAmD_35pts_7km.json,727,692,440,170
NMEAmD_35pts_7km.json,727,694,440,180
NMEAmD_35pts_7km.json,727,697,440,190
NMEAmD_35pts_7km.json,727,699,440,200
NMEAmD_35pts_7km.json,727,702,440,210
NMEAmD_35pts_7km.json,727,704,440,220
NMEAmD_35pts_7km.json,727,707,440,230
NMEAmD_35pts_7km.json,727,709,440,240
NMEAmD_35pts_7km.json,727,712,440,250
NMEAmD_35pts_7km.json,727,674,450,100
NMEAmD_35pts_7km.json,727,677,450,110
NMEAmD_35pts_7km.json,727,679,450,120
NMEAmD_35pts_7km.json,727,682,450,130
NMEAmD_35pts_7km.json,727,684,450,140
NMEAmD_35pts_7km.json,727,687,450,150
NMEAmD_35pts_7km.json,727,689,450,160
NMEAmD_35pts_7km.json,727,692,450,170
NMEAmD_35pts_7km.json,727,694,450,180
NMEAmD_35pts_7km.json,727,697,450,190
NMEAmD_35pts_7km.json,727,699,450,200
NMEAmD_35pts_7km.json,727,702,450,210
NMEAmD_35pts_7km.json,727,704,450,220
NMEAmD_35pts_7km.json,727,707,450,230
NMEAmD_35pts_7km.json,727,709,450,240
NMEAmD_35pts_7km.json,727,712,450,250
NMEAmD_35pts_7km.json,727,674,460,100
NMEAmD_35pts_7km.json,727,677,460,110
NMEAmD_35pts_7km.json,727,679,460,120
NMEAmD_35pts_7km.json,727,682,460,130
NMEAmD_35pts_7km.json,727,684,460,140
NMEAmD_35pts_7km.json,727,687,460,150
NMEAmD_35pts_7km.json,727,689,460,160
NMEAmD_35pts_7km.json,727,692,460,170
NMEAmD_35pts_7km.json,727,694,460,180
NMEAmD_35pts_7km.json,727,697,460,190
NMEAmD_35pts_7km.json,727,699,460,200
NMEAmD_35pts_7km.json,727,702,460,210
NMEAmD_35pts_7km.json,727,704,460,220
NMEAmD_35pts_7km.json,727,707,460,230
NMEAmD_35pts_7km.json,727,709,460,240
NMEAmD_35pts_7km.json,727,712,460,250
NMEAmD_35pts_7km.json,727,674,470,100
NMEAmD_35pts_7km.json,727,677,470,110
NMEAmD_35pts_7km.json,727,679,470,120
NMEAmD_35pts_7km.json,727,682,470,130
NMEAmD_35pts_7km.json,727,684,470,140
NMEAmD_35pts_7km.json,727,687,470,150
NMEAmD_35pts_7km.json,727,689,470,160
NMEAmD_35pts_7km.json,727,692,470,170
NMEAmD_35pts_7km.json,727,694,470,180
NMEAmD_35pts_7km.json,727,697,470,190
NMEAmD_35pts_7km.json,727,699,470,200
NMEAmD_35pts_7km.json,727,702,470,210
NMEAmD_35pts_7km.json,727,704,470,220
NMEAmD_35pts_7km.json,727,707,470,230
NMEAmD_35pts_7km.json,727,709,470,240
NMEAmD_35pts_7km.json,727,712,470,250
NMEAmD_35pts_7km.json,727,674,480,100
NMEAmD_35pts_7km.json,727,677,480,110
NMEAmD_35pts_7km.json,727,679,480,120
NMEAmD_35pts_7km.json,727,682,480,130
NMEAmD_35pts_7km.json,727,684,480,140
NMEAmD_35pts_7km.json,727,687,480,150
NMEAmD_35pts_7km.json,727,689,480,160
NMEAmD_35pts_7km.json,727,692,480,170
NMEAmD_35pts_7km.json,727,694,480,180
NMEAmD_35pts_7km.json,727,697,480,190
NMEAmD_35pts_7km.json,727,699,480,200
NMEAmD_35pts_7km.json,727,702,480,210
NMEAmD_35pts_7km.json,727,704,480,220
NMEAmD_35pts_7km.json,727,707,480,230
NMEAmD_35pts_7km.json,727,709,480,240
NMEAmD_35pts_7km.json,727,712,480,250
NMEAmD_35pts_7km.json,727,674,490,100
NMEAmD_35pts_7km.json,727,677,490,110
NMEAmD_35pts_7km.json,727,679,490,120
NMEAmD_35pts_7km.json,727,682,490,130
NMEAmD_35pts_7km.json,727,684,490,140
NMEAmD_35pts_7km.json,727,687,490,150
NMEAmD_35pts_7km.json,727,689,490,160
NMEAmD_35pts_7km.json,727,692,490,170
NMEAmD_35pts_7km.json,727,694,490,180
NMEAmD_35pts_7km.json,727,697,490,190
NMEAmD_35pts_7km.json,727,699,490,200
NMEAmD_35pts_7km.json,727,702,490,210
NMEAmD_35pts_7km.json,727,704,490,220
NMEAmD_35pts_7km.json,727,707,490,230
NMEAmD_35pts_7km.json,727,709,490,240
NMEAmD_35pts_7km.json,727,712,490,250
NMEAmD_35pts_7km.json,727,674,500,100
NMEAmD_35pts_7km.json,727,677,500,110
NMEAmD_35pts_7km.json,727,679,500,120
NMEAmD_35pts_7km.json,727,682,500,130
NMEAmD_35pts_7km.json,727,684,500,140
NMEAmD_35pts_7km.json,727,687,500,150
NMEAmD_35pts_7km.json,727,689,500,160
NMEAmD_35pts_7km.json,727,692,500,170
NMEAmD_35pts_7km.json,727,694,500,180
NMEAmD_35pts_7km.json,727,697,500,190
NMEAmD_35pts_7km.json,727,699,500,200
NMEAmD_35pts_7km.json,727,702,500,210
NMEAmD_35pts_7km.json,727,704,500,220
NMEAmD_35pts_7km.json,727,707,500,230
NMEAmD_35pts_7km.json,727,709,500,240
NMEAmD_35pts_7km.json,727,712,500,250
NMEAmD_35pts_7km.json,727,674,510,100
NMEAmD_35pts_7km.json,727,677,510,110
NMEAmD_35pts_7km.json,727,679,510,120
NMEAmD_35pts_7km.json,727,682,510,130
NMEAmD_35pts_7km.json,727,684,510,140
NMEAmD_35pts_7km.json,727,687,510,150
NMEAmD_35pts_7km.json,727,689,510,160
NMEAmD_35pts_7km.json,727,692,510,170
NMEAmD_35pts_7km.json,727,694,510,180
NMEAmD_35pts_7km.json,727,697,510,190
NMEAmD_35pts_7km.json,727,699,510,200
NMEAmD_35pts_7km.json,727,702,510,210
NMEAmD_35pts_7km.json,727,704,510,220
NMEAmD_35pts_7km.json,727,707,510,230
NMEAmD_35pts_7km.json,727,709,510,240
NMEAmD_35pts_7km.json,727,712,510,250
NMEAmD_35pts_7km.json,727,697,520,100
NMEAmD_35pts_7km.json,727,699,520,110
NMEAmD_35pts_7km.json,727,702,520,120
NMEAmD_35pts_7km.json,727,704,520,130
NMEAmD_35pts_7km.json,727,707,520,140
NMEAmD_35pts_7km.json,727,709,520,150
NMEAmD_35pts_7km.json,727,712,520,160
NMEAmD_35pts_7km.json,727,714,520,170
NMEAmD_35pts_7km.json,727,717,520,180
NMEAmD_35pts_7km.json,727,719,520,190
NMEAmD_35pts_7km.json,727,722,520,200
NMEAmD_35pts_7km.json,727,724,520,210
NMEAmD_35pts_7km.json,727,727,520,220
NMEAmD_35pts_7km.json,727,729,520,230
NMEAmD_35pts_7km.json,727,732,520,240
NMEAmD_35pts_7km.json,727,734,520,250
NMEAmD_35pts_7km.json,727,697,530,100
NMEAmD_35pts_7km.json,727,699,530,110
NMEAmD_35pts_7km.json,727,702,530,120
NMEAmD_35pts_7km.json,727,704,530,130
NMEAmD_35pts_7km.json,727,707,530,140
NMEAmD_35pts_7km.json,727,709,530,150
NMEAmD_35pts_7km.json,727,712,530,160
NMEAmD_35pts_7km.json,727,714,530,170
NMEAmD_35pts_7km.json,727,717,530,180
NMEAmD_35pts_7km.json,727,719,530,190
NMEAmD_35pts_7km.json,727,722,530,200
NMEAmD_35pts_7km.json,727,724,530,210
NMEAmD_35pts_7km.json,727,727,530,220
NMEAmD_35pts_7km.json,727,729,530,230
NMEAmD_35pts_7km.json,727,732,530,240
NMEAmD_35pts_7km.json,727,734,530,250
NMEAmD_35pts_7km.json,727,697,540,100
NMEAmD_35pts_7km.json,727,699,540,110
NMEAmD_35pts_7km.json,727,702,540,120
NMEAmD_35pts_7km.json,727,704,540,130
NMEAmD_35pts_7km.json,727,707,540,140
NMEAmD_35pts_7km.json,727,709,540,150
NMEAmD_35pts_7km.json,727,712,540,160
NMEAmD_35pts_7km.json,727,714,540,170
NMEAmD_35pts_7km.json,727,717,540,180
NMEAmD_35pts_7km.json,727,719,540,190
NMEAmD_35pts_7km.json,727,722,540,200
NMEAmD_35pts_7km.json,727,724,540,210
NMEAmD_35pts_7km.json,727,727,540,220
NMEAmD_35pts_7km.json,727,729,540,230
NMEAmD_35pts_7km.json,727,732,540,240
NMEAmD_35pts_7km.json,727,734,540,250
NMEAmD_35pts_7km.json,727,697,550,100
NMEAmD_35pts_7km.json,727,699,550,110
NMEAmD_35pts_7km.json,727,702,550,120
NMEAmD_35pts_7km.json,727,704,550,130
NMEAmD_35pts_7km.json,727,707,550,140
NMEAmD_35pts_7km.json,727,709,550,150
NMEAmD_35pts_7km.json,727,712,550,160
NMEAmD_35pts_7km.json,727,714,550,170
NMEAmD_35pts_7km.json,727,717,550,180
NMEAmD_35pts_7km.json,727,719,550,190
NMEAmD_35pts_7km.json,727,722,550,200
NMEAmD_35pts_7km.json,727,724,550,210
NMEAmD_35pts_7km.json,727,727,550,220
NMEAmD_35pts_7km.json,727,729,550,230
NMEAmD_35pts_7km.json,727,732,550,240
NMEAmD_35pts_7km.json,727,734,550,250
NMEAmD_35pts_7km.json,727,697,560,100
NMEAmD_35pts_7km.json,727,699,560,110
NMEAmD_35pts_7km.json,727,702,560,120
NMEAmD_35pts_7km.json,727,704,560,130
NMEAmD_35pts_7km.json,727,707,560,140
NMEAmD_35pts_7km.json,727,709,560,150
NMEAmD_35pts_7km.json,727,712,560,160
NMEAmD_35pts_7km.json,727,714,560,170
NMEAmD_35pts_7km.json,727,717,560,180
NMEAmD_35pts_7km.json,727,719,560,190
NMEAmD_35pts_7km.json,727,722,560,200
NMEAmD_35pts_7km.json,727,724,560,210
NMEAmD_35pts_7km.json,727,727,560,220
NMEAmD_35pts_7km.json,727,729,560,230
NMEAmD_35pts_7km.json,727,732,560,240
NMEAmD_35pts_7km.json,727,734,560,250
NMEAmD_35pts_7km.json,727,697,570,100
NMEAmD_35pts_7km.json,727,699,570,110
NMEAmD_35pts_7km.json,727,702,570,120
NMEAmD_35pts_7km.json,727,704,570,130
NMEAmD_35pts_7km.json,727,707,570,140
NMEAmD_35pts_7km.json,727,709,570,150
NMEAmD_35pts_7km.json,727,712,570,160
NMEAmD_35pts_7km.json,727,714,570,170
NMEAmD_35pts_7km.json,727,717,570,180
NMEAmD_35pts_7km.json,727,719,570,190
NMEAmD_35pts_7km.json,727,722,570,200
NMEAmD_35pts_7km.json,727,724,570,210
NMEAmD_35pts_7km.json,727,727,570,220
NMEAmD_35pts_7km.json,727,729,570,230
NMEAmD_35pts_7km.json,727,732,570,240
NMEAmD_35pts_7km.json,727,734,570,250
NMEAmD_35pts_7km.json,727,697,580,100
NMEAmD_35pts_7km.json,727,699,580,110
NMEAmD_35pts_7km.json,727,702,580,120
NMEAmD_35pts_7km.json,727,704,580,130
NMEAmD_35pts_7km.json,727,707,580,140
NMEAmD_35pts_7km.json,727,709,580,150
NMEAmD_35pts_7km.json,727,712,580,160
NMEAmD_35pts_7km.json,727,714,580,170
NMEAmD_35pts_7km.json,727,717,580,180
NMEAmD_35pts_7km.json,727,719,580,190
NMEAmD_35pts_7km.json,727,722,580,200
NMEAmD_35pts_7km.json,727,724,580,210
NMEAmD_35pts_7km.json,727,727,580,220
NMEAmD_35pts_7km.json,727,729,580,230
NMEAmD_35pts_7km.json,727,732,580,240
NMEAmD_35pts_7km.json,727,734,580,250
NMEAmD_35pts_7km.json,727,697,590,100
NMEAmD_35pts_7km.json,727,699,590,110
NMEAmD_35pts_7km.json,727,702,590,120
NMEAmD_35pts_7km.json,727,704,590,130
NMEAmD_35pts_7km.json,727,707,590,140
NMEAmD_35pts_7km.json,727,709,590,150
NMEAmD_35pts_7km.json,727,712,590,160
NMEAmD_35pts_7km.json,727,714,590,170
NMEAmD_35pts_7km.json,727,717,590,180
NMEAmD_35pts_7km.json,727,719,590,190
NMEAmD_35pts_7km.json,727,722,590,200
NMEAmD_35pts_7km.json,727,724,590,210
NMEAmD_35pts_7km.json,727,727,590,220
NMEAmD_35pts_7km.json,727,729,590,230
NMEAmD_35pts_7km.json,727,732,590,240
NMEAmD_35pts_7km.json,727,734,590,250
NMEAmD_35pts_7km.json,727,697,600,100
NMEAmD_35pts_7km.json,727,699,600,110
NMEAmD_35pts_7km.json,727,702,600,120
NMEAmD_35pts_7km.json,727,704,600,130
NMEAmD_35pts_7km.json,727,707,600,140
NMEAmD_35pts_7km.json,727,709,600,150
NMEAmD_35pts_7km.json,727,712,600,160
NMEAmD_35pts_7km.json,727,714,600,170
NMEAmD_35pts_7km.json,727,717,600,180
NMEAmD_35pts_7km.json,727,719,600,190
NMEAmD_35pts_7km.json,727,722,600,200
NMEAmD_35pts_7km.json,727,724,600,210
NMEAmD_35pts_7km.json,727,727,600,220
NMEAmD_35pts_7km.json,727,729,600,230
NMEAmD_35pts_7km.json,727,732,600,240
NMEAmD_35pts_7km.json,727,734,600,250
NMEAmD_35pts_7km.json,727,697,610,100
NMEAmD_35pts_7km.json,727,699,610,110
NMEAmD_35pts_7km.json,727,702,610,120
NMEAmD_35pts_7km.json,727,704,610,130
NMEAmD_35pts_7km.json,727,707,610,140
NMEAmD_35pts_7km.json,727,709,610,150
NMEAmD_35pts_7km.json,727,712,610,160
NMEAmD_35pts_7km.json,727,714,610,170
NMEAmD_35pts_7km.json,727,717,610,180
NMEAmD_35pts_7km.json,727,719,610,190
NMEAmD_35pts_7km.json,727,722,610,200
NMEAmD_35pts_7km.json,727,724,610,210
NMEAmD_35pts_7km.json,727,727,610,220
NMEAmD_35pts_7km.json,727,729,610,230
NMEAmD_35pts_7km.json,727,732,610,240
NMEAmD_35pts_7km.json,727,734,610,250
NMEAmD_35pts_7km.json,727,697,620,100
NMEAmD_35pts_7km.json,727,699,620,110
NMEAmD_35pts_7km.json,727,702,620,120
NMEAmD_35pts_7km.json,727,704,620,130
NMEAmD_35pts_7km.json,727,707,620,140
NMEAmD_35pts_7km.json,727,709,620,150
NMEAmD_35pts_7km.json,727,712,620,160
NMEAmD_35pts_7km.json,727,714,620,170
NMEAmD_35pts_7km.json,727,717,620,180
NMEAmD_35pts_7km.json,727,719,620,190
NMEAmD_35pts_7km.json,727,722,620,200
NMEAmD_35pts_7km.json,727,724,620,210
NMEAmD_35pts_7km.json,727,727,620,220
NMEAmD_35pts_7km.json,727,729,620,230
NMEAmD_35pts_7km.json,727,732,620,240
NMEAmD_35pts_7km.json,727,734,620,250
NMEAmD_35pts_7km.json,727,697,630,100
NMEAmD_35pts_7km.json,727,699,630,110
NMEAmD_35pts_7km.json,727,702,630,120
NMEAmD_35pts_7km.json,727,704,630,130
NMEAmD_35pts_7km.json,727,707,630,140
NMEAmD_35pts_7km.json,727,709,630,150
NMEAmD_35pts_7km.json,727,712,630,160
NMEAmD_35pts_7km.json,727,714,630,170
NMEAmD_35pts_7km.json,727,717,630,180
NMEAmD_35pts_7km.json,727,719,630,190
NMEAmD_35pts_7km.json,727,722,630,200
NMEAmD_35pts_7km.json,727,724,630,210
NMEAmD_35pts_7km.json,727,727,630,220
NMEAmD_35pts_7km.json,727,729,630,230
NMEAmD_35pts_7km.json,727,732,630,240
NMEAmD_35pts_7km.json,727,734,630,250
NMEAmD_35pts_7km.json,727,697,640,100
NMEAmD_35pts_7km.json,727,699,640,110
NMEAmD_35pts_7km.json,727,702,640,120
NMEAmD_35pts_7km.json,727,704,640,130
NMEAmD_35pts_7km.json,727,707,640,140
NMEAmD_35pts_7km.json,727,709,640,150
NMEAmD_35pts_7km.json,727,712,640,160
NMEAmD_35pts_7km.json,727,714,640,170
NMEAmD_35pts_7km.json,727,717,640,180
NMEAmD_35pts_7km.json,727,719,640,190
NMEAmD_35pts_7km.json,727,722,640,200
NMEAmD_35pts_7km.json,727,724,640,210
NMEAmD_35pts_7km.json,727,727,640,220
NMEAmD_35pts_7km.json,727,729,640,230
NMEAmD_35pts_7km.json,727,732,640,240
NMEAmD_35pts_7km.json,727,734,640,250
NMEAmD_35pts_7km.json,727,697,650,100
NMEAmD_35pts_7km.json,727,699,650,110
NMEAmD_35pts_7km.json,727,702,650,120
NMEAmD_35pts_7km.json,727,704,650,130
NMEAmD_35pts_7km.json,727,707,650,140
NMEAmD_35pts_7km.json,727,709,650,150
NMEAmD_35pts_7km.json,727,712,650,160
NMEAmD_35pts_7km.json,727,714,650,170
NMEAmD_35pts_7km.json,727,717,650,180
NMEAmD_35pts_7km.json,727,719,650,190
NMEAmD_35pts_7km.json,727,722,650,200
NMEAmD_35pts_7km.json,727,724,650,210
NMEAmD_35pts_7km.json,727,727,650,220
NMEAmD_35pts_7km.json,727,729,650,230
NMEAmD_35pts_7km.json,727,732,650,240
NMEAmD_35pts_7km.json,727,734,650,250
NMEAmD_35pts_7km.json,727,697,660,100
NMEAmD_35pts_7km.json,727,699,660,110
NMEAmD_35pts_7km.json,727,702,660,120
NMEAmD_35pts_7km.json,727,704,660,130
NMEAmD_35pts_7km.json,727,707,660,140
NMEAmD_35pts_7km.json,727,709,660,150
NMEAmD_35pts_7km.json,727,712,660,160
NMEAmD_35pts_7km.json,727,714,660,170
NMEAmD_35pts_7km.json,727,717,660,180
NMEAmD_35pts_7km.json,727,719,660,190
NMEAmD_35pts_7km.json,727,722,660,200
NMEAmD_35pts_7km.json,727,724,660,210
NMEAmD_35pts_7km.json,727,727,660,220
NMEAmD_35pts_7km.json,727,729,660,230
NMEAmD_35pts_7km.json,727,732,660,240
NMEAmD_35pts_7km.json,727,734,660,250
NMEAmD_35pts_7km.json,727,697,670,100
NMEAmD_35pts_7km.json,727,699,670,110
NMEAmD_35pts_7km.json,727,702,670,120
NMEAmD_35pts_7km.json,727,704,670,130
NMEAmD_35pts_7km.json,727,707,670,140
NMEAmD_35pts_7km.json,727,709,670,150
NMEAmD_35pts_7km.json,727,712,670,160
NMEAmD_35pts_7km.json,727,714,670,170
NMEAmD_35pts_7km.json,727,717,670,180
NMEAmD_35pts_7km.json,727,719,670,190
NMEAmD_35pts_7km.json,727,722,670,200
NMEAmD_35pts_7km.json,727,724,670,210
NMEAmD_35pts_7km.json,727,727,670,220
NMEAmD_35pts_7km.json,727,729,670,230
NMEAmD_35pts_7km.json,727,732,670,240
NMEAmD_35pts_7km.json,727,734,670,250
NMEAmD_35pts_7km.json,727,697,680,100
NMEAmD_35pts_7km.json,727,699,680,110
NMEAmD_35pts_7km.json,727,702,680,120
NMEAmD_35pts_7km.json,727,704,680,130
NMEAmD_35pts_7km.json,727,707,680,140
NMEAmD_35pts_7km.json,727,709,680,150
NMEAmD_35pts_7km.json,727,712,680,160
NMEAmD_35pts_7km.json,727,714,680,170
NMEAmD_35pts_7km.json,727,717,680,180
NMEAmD_35pts_7km.json,727,719,680,190
NMEAmD_35pts_7km.json,727,722,680,200
NMEAmD_35pts_7km.json,727,724,680,210
NMEAmD_35pts_7km.json,727,727,680,220
NMEAmD_35pts_7km.json,727,729,680,230
NMEAmD_35pts_7km.json,727,732,680,240
NMEAmD_35pts_7km.json,727,734,680,250
NMEAmD_35pts_7km.json,727,697,690,100
NMEAmD_35pts_7km.json,727,699,690,110
NMEAmD_35pts_7km.json,727,702,690,120
NMEAmD_35pts_7km.json,727,704,690,130
NMEAmD_35pts_7km.json,727,707,690,140
NMEAmD_35pts_7km.json,727,709,690,150
NMEAmD_35pts_7km.json,727,712,690,160
NMEAmD_35pts_7km.json,727,714,690,170
NMEAmD_35pts_7km.json,727,717,690,180
NMEAmD_35pts_7km.json,727,719,690,190
NMEAmD_35pts_7km.json,727,722,690,200
NMEAmD_35pts_7km.json,727,724,690,210
NMEAmD_35pts_7km.json,727,727,690,220
NMEAmD_35pts_7km.json,727,729,690,230
NMEAmD_35pts_7km.json,727,732,690,240
NMEAmD_35pts_7km.json,727,734,690,250
NMEAmD_35pts_7km.json,727,697,700,100
NMEAmD_35pts_7km.json,727,699,700,110
NMEAmD_35pts_7km.json,727,702,700,120
NMEAmD_35pts_7km.json,727,704,700,130
NMEAmD_35pts_7km.json,727,707,700,140
NMEAmD_35pts_7km.json,727,709,700,150
NMEAmD_35pts_7km.json,727,712,700,160
NMEAmD_35pts_7km.json,727,714,700,170
NMEAmD_35pts_7km.json,727,717,700,180
NMEAmD_35pts_7km.json,727,719,700,190
NMEAmD_35pts_7km.json,727,722,700,200
NMEAmD_35pts_7km.json,727,724,700,210
NMEAmD_35pts_7km.json,727,727,700,220
NMEAmD_35pts_7km.json,727,729,700,230
NMEAmD_35pts_7km.json,727,732,700,240
NMEAmD_35pts_7km.json,727,734,700,250
NMEAmD_35pts_7km.json,727,697,710,100
NMEAmD_35pts_7km.json,727,699,710,110
NMEAmD_35pts_7km.json,727,702,710,120
NMEAmD_35pts_7km.json,727,704,710,130
NMEAmD_35pts_7km.json,727,707,710,140
NMEAmD_35pts_7km.json,727,709,710,150
NMEAmD_35pts_7km.json,727,712,710,160
NMEAmD_35pts_7km.json,727,714,710,170
NMEAmD_35pts_7km.json,727,717,710,180
NMEAmD_35pts_7km.json,727,719,710,190
NMEAmD_35pts_7km.json,727,722,710,200
NMEAmD_35pts_7km.json,727,724,710,210
NMEAmD_35pts_7km.json,727,727,710,220
NMEAmD_35pts_7km.json,727,729,710,230
NMEAmD_35pts_7km.json,727,732,710,240
NMEAmD_35pts_7km.json,727,734,710,250
NMEAmD_35pts_7km.json,727,697,720,100
NMEAmD_35pts_7km.json,727,699,720,110
NMEAmD_35pts_7km.json,727,702,720,120
NMEAmD_35pts_7km.json,727,704,720,130
NMEAmD_35pts_7km.json,727,707,720,140
NMEAmD_35pts_7km.json,727,709,720,150
NMEAmD_35pts_7km.json,727,712,720,160
NMEAmD_35pts_7km.json,727,714,720,170
NMEAmD_35pts_7km.json,727,717,720,180
NMEAmD_35pts_7km.json,727,719,720,190
NMEAmD_35pts_7km.json,727,722,720,200
NMEAmD_35pts_7km.json,727,724,720,210
NMEAmD_35pts_7km.json,727,727,720,220
NMEAmD_35pts_7km.json,727,729,720,230
NMEAmD_35pts_7km.json,727,732,720,240
NMEAmD_35pts_7km.json,727,734,720,250
NMEAmD_35pts_7km.json,727,697,730,100
NMEAmD_35pts_7km.json,727,699,730,110
NMEAmD_35pts_7km.json,727,702,730,120
NMEAmD_35pts_7km.json,727,704,730,130
NMEAmD_35pts_7km.json,727,707,730,140
NMEAmD_35pts_7km.json,727,709,730,150
NMEAmD_35pts_7km.json,727,712,730,160
NMEAmD_35pts_7km.json,727,714,730,170
NMEAmD_35pts_7km.json,727,717,730,180
NMEAmD_35pts_7km.json,727,719,730,190
NMEAmD_35pts_7km.json,727,722,730,200
NMEAmD_35pts_7km.json,727,724,730,210
NMEAmD_35pts_7km.json,727,727,730,220
NMEAmD_35pts_7km.json,727,729,730,230
NMEAmD_35pts_7km.json,727,732,730,240
NMEAmD_35pts_7km.json,727,734,730,250
NMEAmD_35pts_7km.json,727,697,740,100
NMEAmD_35pts_7km.json,727,699,740,110
NMEAmD_35pts_7km.json,727,702,740,120
NMEAmD_35pts_7km.json,727,704,740,130
NMEAmD_35pts_7km.json,727,707,740,140
NMEAmD_35pts_7km.json,727,709,740,150
NMEAmD_35pts_7km.json,727,712,740,160
NMEAmD_35pts_7km.json,727,714,740,170
NMEAmD_35pts_7km.json,727,717,740,180
NMEAmD_35pts_7km.json,727,719,740,190
NMEAmD_35pts_7km.json,727,722,740,200
NMEAmD_35pts_7km.json,727,724,740,210
NMEAmD_35pts_7km.json,727,727,740,220
NMEAmD_35pts_7km.json,727,729,740,230
NMEAmD_35pts_7km.json,727,732,740,240
NMEAmD_35pts_7km.json,727,734,740,250
NMEAmD_35pts_7km.json,727,697,750,100
NMEAmD_35pts_7km.json,727,699,750,110
NMEAmD_35pts_7km.json,727,702,750,120
NMEAmD_35pts_7km.json,727,704,750,130
NMEAmD_35pts_7km.json,727,707,750,140
NMEAmD_35pts_7km.json,727,709,750,150
NMEAmD_35pts_7km.json,727,712,750,160
NMEAmD_35pts_7km.json,727,714,750,170
NMEAmD_35pts_7km.json,727,717,750,180
NMEAmD_35pts_7km.json,727,719,750,190
NMEAmD_35pts_7km.json,727,722,750,200
NMEAmD_35pts_7km.json,727,724,750,210
NMEAmD_35pts_7km.json,727,727,750,220
NMEAmD_35pts_7km.json,727,729,750,230
NMEAmD_35pts_7km.json,727,732,750,240
NMEAmD_35pts_7km.json,727,734,750,250
NMEAmD_35pts_7km.json,727,697,760,100
NMEAmD_35pts_7km.json,727,699,760,110
NMEAmD_35pts_7km.json,727,702,760,120
NMEAmD_35pts_7km.json,727,704,760,130
NMEAmD_35pts_7km.json,727,707,760,140
NMEAmD_35pts_7km.json,727,709,760,150
NMEAmD_35pts_7km.json,727,712,760,160
NMEAmD_35pts_7km.json,727,714,760,170
NMEAmD_35pts_7km.json,727,717,760,180
NMEAmD_35pts_7km.json,727,719,760,190
NMEAmD_35pts_7km.json,727,722,760,200
NMEAmD_35pts_7km.json,727,724,760,210
NMEAmD_35pts_7km.json,727,727,760,220
NMEAmD_35pts_7km.json,727,729,760,230
NMEAmD_35pts_7km.json,727,732,760,240
NMEAmD_35pts_7km.json,727,734,760,250
NMEAmD_35pts_7km.json,727,697,770,100
NMEAmD_35pts_7km.json,727,699,770,110
NMEAmD_35pts_7km.json,727,702,770,120
NMEAmD_35pts_7km.json,727,704,770,130
NMEAmD_35pts_7km.json,727,707,770,140
NMEAmD_35pts_7km.json,727,709,770,150
NMEAmD_35pts_7km.json,727,712,770,160
NMEAmD_35pts_7km.json,727,714,770,170
NMEAmD_35pts_7km.json,727,717,770,180
NMEAmD_35pts_7km.json,727,719,770,190
NMEAmD_35pts_7km.json,727,722,770,200
NMEAmD_35pts_7km.json,727,724,770,210
NMEAmD_35pts_7km.json,727,727,770,220
NMEAmD_35pts_7km.json,727,729,770,230
NMEAmD_35pts_7km.json,727,732,770,240
NMEAmD_35pts_7km.json,727,734,770,250
NMEAmD_35pts_7km.json,727,697,780,100
NMEAmD_35pts_7km.json,727,699,780,110
NMEAmD_35pts_7km.json,727,702,780,120
NMEAmD_35pts_7km.json,727,704,780,130
NMEAmD_35pts_7km.json,727,707,780,140
NMEAmD_35pts_7km.json,727,709,780,150
NMEAmD_35pts_7km.json,727,712,780,160
NMEAmD_35pts_7km.json,727,714,780,170
NMEAmD_35pts_7km.json,727,717,780,180
NMEAmD_35pts_7km.json,727,719,780,190
NMEAmD_35pts_7km.json,727,722,780,200
NMEAmD_35pts_7km.json,727,724,780,210
NMEAmD_35pts_7km.json,727,727,780,220
NMEAmD_35pts_7km.json,727,729,780,230
NMEAmD_35pts_7km.json,727,732,780,240
NMEAmD_35pts_7km.json,727,734,780,250
NMEAmD_35pts_7km.json,727,697,790,100
NMEAmD_35pts_7km.json,727,699,790,110
NMEAmD_35pts_7km.json,727,702,790,120
NMEAmD_35pts_7km.json,727,704,790,130
NMEAmD_35pts_7km.json,727,707,790,140
NMEAmD_35pts_7km.json,727,709,790,150
NMEAmD_35pts_7km.json,727,712,790,160
NMEAmD_35pts_7km.json,727,714,790,170
NMEAmD_35pts_7km.json,727,717,790,180
NMEAmD_35pts_7km.json,727,719,790,190
NMEAmD_35pts_7km.json,727,722,790,200
NMEAmD_35pts_7km.json,727,724,790,210
NMEAmD_35pts_7km.json,727,727,790,220
NMEAmD_35pts_7km.json,727,729,790,230
NMEAmD_35pts_7km.json,727,732,790,240
NMEAmD_35pts_7km.json,727,734,790,250
NMEAmD_35pts_7km.json,727,697,800,100
NMEAmD_35pts_7km.json,727,699,800,110
NMEAmD_35pts_7km.json,727,702,800,120
NMEAmD_35pts_7km.json,727,704,800,130
NMEAmD_35pts_7km.json,727,707,800,140
NMEAmD_35pts_7km.json,727,709,800,150
NMEAmD_35pts_7km.json,727,712,800,160
NMEAmD_35pts_7km.json,727,714,800,170
NMEAmD_35pts_7km.json,727,717,800,180
NMEAmD_35pts_7km.json,727,719,800,190
NMEAmD_35pts_7km.json,727,722,800,200
NMEAmD_35pts_7km.json,727,724,800,210
NMEAmD_35pts_7km.json,727,727,800,220
NMEAmD_35pts_7km.json,727,729,800,230
NMEAmD_35pts_7km.json,727,732,800,240
NMEAmD_35pts_7km.json,727,734,800,250
NMEAmD_35pts_7km.json,727,697,810,100
NMEAmD_35pts_7km.json,727,699,810,110
NMEAmD_35pts_7km.json,727,702,810,120
NMEAmD_35pts_7km.json,727,704,810,130
NMEAmD_35pts_7km.json,727,707,810,140
NMEAmD_35pts_7km.json,727,709,810,150
NMEAmD_35pts_7km.json,727,712,810,160
NMEAmD_35pts_7km.json,727,714,810,170
NMEAmD_35pts_7km.json,727,717,810,180
NMEAmD_35pts_7km.json,727,719,810,190
NMEAmD_35pts_7km.json,727,722,810,200
NMEAmD_35pts_7km.json,727,724,810,210
NMEAmD_35pts_7km.json,727,727,810,220
NMEAmD_35pts_7km.json,727,729,810,230
NMEAmD_35pts_7km.json,727,732,810,240
NMEAmD_35pts_7km.json,727,734,810,250
NMEAmD_35pts_7km.json,727,697,820,100
NMEAmD_35pts_7km.json,727,699,820,110
NMEAmD_35pts_7km.json,727,702,820,120
NMEAmD_35pts_7km.json,727,704,820,130
NMEAmD_35pts_7km.json,727,707,820,140
NMEAmD_35pts_7km.json,727,709,820,150
NMEAmD_35pts_7km.json,727,712,820,160
NMEAmD_35pts_7km.json,727,714,820,170
NMEAmD_35pts_7km.json,727,717,820,180
NMEAmD_35pts_7km.json,727,719,820,190
NMEAmD_35pts_7km.json,727,722,820,200
NMEAmD_35pts_7km.json,727,724,820,210
NMEAmD_35pts_7km.json,727,727,820,220
NMEAmD_35pts_7km.json,727,729,820,230
NMEAmD_35pts_7km.json,727,732,820,240
NMEAmD_35pts_7km.json,727,734,820,250
NMEAmD_35pts_7km.json,727,697,830,100
NMEAmD_35pts_7km.json,727,699,830,110
NMEAmD_35pts_7km.json,727,702,830,120
NMEAmD_35pts_7km.json,727,704,830,130
NMEAmD_35pts_7km.json,727,707,830,140
NMEAmD_35pts_7km.json,727,709,830,150
NMEAmD_35pts_7km.json,727,712,830,160
NMEAmD_35pts_7km.json,727,714,830,170
NMEAmD_35pts_7km.json,727,717,830,180
NMEAmD_35pts_7km.json,727,719,830,190
NMEAmD_35pts_7km.json,727,722,830,200
NMEAmD_35pts_7km.json,727,724,830,210
NMEAmD_35pts_7km.json,727,727,830,220
NMEAmD_35pts_7km.json,727,729,830,230
NMEAmD_35pts_7km.json,727,732,830,240
NMEAmD_35pts_7km.json,727,734,830,250
NMEAmD_35pts_7km.json,727,697,840,100
NMEAmD_35pts_7km.json,727,699,840,110
NMEAmD_35pts_7km.json,727,702,840,120
NMEAmD_35pts_7km.json,727,704,840,130
NMEAmD_35pts_7km.json,727,707,840,140
NMEAmD_35pts_7km.json,727,709,840,150
NMEAmD_35pts_7km.json,727,712,840,160
NMEAmD_35pts_7km.json,727,714,840,170
NMEAmD_35pts_7km.json,727,717,840,180
NMEAmD_35pts_7km.json,727,719,840,190
NMEAmD_35pts_7km.json,727,722,840,200
NMEAmD_35pts_7km.json,727,724,840,210
NMEAmD_35pts_7km.json,727,727,840,220
NMEAmD_35pts_7km.json,727,729,840,230
NMEAmD_35pts_7km.json,727,732,840,240
NMEAmD_35pts_7km.json,727,734,840,250
NMEAmD_35pts_7km.json,727,697,850,100
NMEAmD_35pts_7km.json,727,699,850,110
NMEAmD_35pts_7km.json,727,702,850,120
NMEAmD_35pts_7km.json,727,704,850,130
NMEAmD_35pts_7km.json,727,707,850,140
NMEAmD_35pts_7km.json,727,709,850,150
NMEAmD_35pts_7km.json,727,712,850,160
NMEAmD_35pts_7km.json,727,714,850,170
NMEAmD_35pts_7km.json,727,717,850,180
NMEAmD_35pts_7km.json,727,719,850,190
NMEAmD_35pts_7km.json,727,722,850,200
NMEAmD_35pts_7km.json,727,724,850,210
NMEAmD_35pts_7km.json,727,727,850,220
NMEAmD_35pts_7km.json,727,729,850,230
NMEAmD_35pts_7km.json,727,732,850,240
NMEAmD_35pts_7km.json,727,734,850,250
NMEAmD_35pts_7km.json,727,697,860,100
NMEAmD_35pts_7km.json,727,699,860,110
NMEAmD_35pts_7km.json,727,702,860,120
NMEAmD_35pts_7km.json,727,704,860,130
NMEAmD_35pts_7km.json,727,707,860,140
NMEAmD_35pts_7km.json,727,709,860,150
NMEAmD_35pts_7km.json,727,712,860,160
NMEAmD_35pts_7km.json,727,714,860,170
NMEAmD_35pts_7km.json,727,717,860,180
NMEAmD_35pts_7km.json,727,719,860,190
NMEAmD_35pts_7km.json,727,722,860,200
NMEAmD_35pts_7km.json,727,724,860,210
NMEAmD_35pts_7km.json,727,727,860,220
NMEAmD_35pts_7km.json,727,729,860,230
NMEAmD_35pts_7km.json,727,732,860,240
NMEAmD_35pts_7km.json,727,734,860,250
NMEAmD_35pts_7km.json,727,697,870,100
NMEAmD_35pts_7km.json,727,699,870,110
NMEAmD_35pts_7km.json,727,702,870,120
NMEAmD_35pts_7km.json,727,704,870,130
NMEAmD_35pts_7km.json,727,707,870,140
NMEAmD_35pts_7km.json,727,709,870,150
NMEAmD_35pts_7km.json,727,712,870,160
NMEAmD_35pts_7km.json,727,714,870,170
NMEAmD_35pts_7km.json,727,717,870,180
NMEAmD_35pts_7km.json,727,719,870,190
NMEAmD_35pts_7km.json,727,722,870,200
NMEAmD_35pts_7km.json,727,724,870,210
NMEAmD_35pts_7km.json,727,727,870,220
NMEAmD_35pts_7km.json,727,729,870,230
NMEAmD_35pts_7km.json,727,732,870,240
NMEAmD_35pts_7km.json,727,734,870,250
NMEAmD_35pts_7km.json,727,697,880,100
NMEAmD_35pts_7km.json,727,699,880,110
NMEAmD_35pts_7km.json,727,702,880,120
NMEAmD_35pts_7km.json,727,704,880,130
NMEAmD_35pts_7km.json,727,707,880,140
NMEAmD_35pts_7km.json,727,709,880,150
NMEAmD_35pts_7km.json,727,712,880,160
NMEAmD_35pts_7km.json,727,714,880,170
NMEAmD_35pts_7km.json,727,717,880,180
NMEAmD_35pts_7km.json,727,719,880,190
NMEAmD_35pts_7km.json,727,722,880,200
NMEAmD_35pts_7km.json,727,724,880,210
NMEAmD_35pts_7km.json,727,727,880,220
NMEAmD_35pts_7km.json,727,729,880,230
NMEAmD_35pts_7km.json,727,732,880,240
NMEAmD_35pts_7km.json,727,734,880,250
NMEAmD_35pts_7km.json,727,697,890,100
NMEAmD_35pts_7km.json,727,699,890,110
NMEAmD_35pts_7km.json,727,702,890,120
NMEAmD_35pts_7km.json,727,704,890,130
NMEAmD_35pts_7km.json,727,707,890,140
NMEAmD_35pts_7km.json,727,709,890,150
NMEAmD_35pts_7km.json,727,712,890,160
NMEAmD_35pts_7km.json,727,714,890,170
NMEAmD_35pts_7km.json,727,717,890,180
NMEAmD_35pts_7km.json,727,719,890,190
NMEAmD_35pts_7km.json,727,722,890,200
NMEAmD_35pts_7km.json,727,724,890,210
NMEAmD_35pts_7km.json,727,727,890,220
NMEAmD_35pts_7km.json,727,729,890,230
NMEAmD_35pts_7km.json,727,732,890,240
NMEAmD_35pts_7km.json,727,734,890,250
NMEAmD_35pts_7km.json,727,697,900,100
NMEAmD_35pts_7km.json,727,699,900,110
NMEAmD_35pts_7km.json,727,702,900,120
NMEAmD_35pts_7km.json,727,704,900,130
NMEAmD_35pts_7km.json,727,707,900,140
NMEAmD_35pts_7km.json,727,709,900,150
NMEAmD_35pts_7km.json,727,712,900,160
NMEAmD_35pts_7km.json,727,714,900,170
NMEAmD_35pts_7km.json,727,717,900,180
NMEAmD_35pts_7km.json,727,719,900,190
NMEAmD_35pts_7km.json,727,722,900,200
NMEAmD_35pts_7km.json,727,724,900,210
NMEAmD_35pts_7km.json,727,727,900,220
NMEAmD_35pts_7km.json,727,729,900,230
NMEAmD_35pts_7km.json,727,732,900,240
NMEAmD_35pts_7km.json,727,734,900,250
NMEAmD_35pts_7km.json,727,697,910,100
NMEAmD_35pts_7km.json,727,699,910,110
NMEAmD_35pts_7km.json,727,702,910,120
NMEAmD_35pts_7km.json,727,704,910,130
NMEAmD_35pts_7km.json,727,707,910,140
NMEAmD_35pts_7km.json,727,709,910,150
NMEAmD_35pts_7km.json,727,712,910,160
NMEAmD_35pts_7km.json,727,714,910,170
NMEAmD_35pts_7km.json,727,717,910,180
NMEAmD_35pts_7km.json,727,719,910,190
NMEAmD_35pts_7km.json,727,722,910,200
NMEAmD_35pts_7km.json,727,724,910,210
NMEAmD_35pts_7km.json,727,727,910,220
NMEAmD_35pts_7km.json,727,729,910,230
NMEAmD_35pts_7km.json,727,732,910,240
NMEAmD_35pts_7km.json,727,734,910,250
NMEAmD_35pts_7km.json,727,697,920,100
NMEAmD_35pts_7km.json,727,699,920,110
NMEAmD_35pts_7km.json,727,702,920,120
NMEAmD_35pts_7km.json,727,704,920,130
NMEAmD_35pts_7km.json,727,707,920,140
NMEAmD_35pts_7km.json,727,709,920,150
NMEAmD_35pts_7km.json,727,712,920,160
NMEAmD_35pts_7km.json,727,714,920,170
NMEAmD_35pts_7km.json,727,717,920,180
NMEAmD_35pts_7km.json,727,719,920,190
NMEAmD_35pts_7km.json,727,722,920,200
NMEAmD_35pts_7km.json,727,724,920,210
NMEAmD_35pts_7km.json,727,727,920,220
NMEAmD_35pts_7km.json,727,729,920,230
NMEAmD_35pts_7km.json,727,732,920,240
NMEAmD_35pts_7km.json,727,734,920,250
NMEAmD_35pts_7km.json,727,697,930,100
NMEAmD_35pts_7km.json,727,699,930,110
NMEAmD_35pts_7km.json,727,702,930,120
NMEAmD_35pts_7km.json,727,704,930,130
NMEAmD_35pts_7km.json,727,707,930,140
NMEAmD_35pts_7km.json,727,709,930,150
NMEAmD_35pts_7km.json,727,712,930,160
NMEAmD_35pts_7km.json,727,714,930,170
NMEAmD_35pts_7km.json,727,717,930,180
NMEAmD_35pts_7km.json,727,719,930,190
NMEAmD_35pts_7km.json,727,722,930,200
NMEAmD_35pts_7km.json,727,724,930,210
NMEAmD_35pts_7km.json,727,727,930,220
NMEAmD_35pts_7km.json,727,729,930,230
NMEAmD_35pts_7km.json,727,732,930,240
NMEAmD_35pts_7km.json,727,734,930,250
NMEAmD_35pts_7km.json,727,697,940,100
NMEAmD_35pts_7km.json,727,699,940,110
NMEAmD_35pts_7km.json,727,702,940,120
NMEAmD_35pts_7km.json,727,704,940,130
NMEAmD_35pts_7km.json,727,707,940,140
NMEAmD_35pts_7km.json,727,709,940,150
NMEAmD_35pts_7km.json,727,712,940,160
NMEAmD_35pts_7km.json,727,714,940,170
NMEAmD_35pts_7km.json,727,717,940,180
NMEAmD_35pts_7km.json,727,719,940,190
NMEAmD_35pts_7km.json,727,722,940,200
NMEAmD_35pts_7km.json,727,724,940,210
NMEAmD_35pts_7km.json,727,727,940,220
NMEAmD_35pts_7km.json,727,729,940,230
NMEAmD_35pts_7km.json,727,732,940,240
NMEAmD_35pts_7km.json,727,734,940,250
NMEAmD_35pts_7km.json,727,697,950,100
NMEAmD_35pts_7km.json,727,699,950,110
NMEAmD_35pts_7km.json,727,702,950,120
NMEAmD_35pts_7km.json,727,704,950,130
NMEAmD_35pts_7km.json,727,707,950,140
NMEAmD_35pts_7km.json,727,709,950,150
NMEAmD_35pts_7km.json,727,712,950,160
NMEAmD_35pts_7km.json,727,714,950,170
NMEAmD_35pts_7km.json,727,717,950,180
NMEAmD_35pts_7km.json,727,719,950,190
NMEAmD_35pts_7km.json,727,722,950,200
NMEAmD_35pts_7km.json,727,724,950,210
NMEAmD_35pts_7km.json,727,727,950,220
NMEAmD_35pts_7km.json,727,729,950,230
NMEAmD_35pts_7km.json,727,732,950,240
NMEAmD_35pts_7km.json,727,734,950,250
NMEAmD_35pts_7km.json,727,697,960,100
NMEAmD_35pts_7km.json,727,699,960,110
NMEAmD_35pts_7km.json,727,702,960,120
NMEAmD_35pts_7km.json,727,704,960,130
NMEAmD_35pts_7km.json,727,707,960,140
NMEAmD_35pts_7km.json,727,709,960,150
NMEAmD_35pts_7km.json,727,712,960,160
NMEAmD_35pts_7km.json,727,714,960,170
NMEAmD_35pts_7km.json,727,717,960,180
NMEAmD_35pts_7km.json,727,719,960,190
NMEAmD_35pts_7km.json,727,722,960,200
NMEAmD_35pts_7km.json,727,724,960,210
NMEAmD_35pts_7km.json,727,727,960,220
NMEAmD_35pts_7km.json,727,729,960,230
NMEAmD_35pts_7km.json,727,732,960,240
NMEAmD_35pts_7km.json,727,734,960,250
NMEAmD_35pts_7km.json,727,697,970,100
NMEAmD_35pts_7km.json,727,699,970,110
NMEAmD_35pts_7km.json,727,702,970,120
NMEAmD_35pts_7km.json,727,704,970,130
NMEAmD_35pts_7km.json,727,707,970,140
NMEAmD_35pts_7km.json,727,709,970,150
NMEAmD_35pts_7km.json,727,712,970,160
NMEAmD_35pts_7km.json,727,714,970,170
NMEAmD_35pts_7km.json,727,717,970,180
NMEAmD_35pts_7km.json,727,719,970,190
NMEAmD_35pts_7km.json,727,722,970,200
NMEAmD_35pts_7km.json,727,724,970,210
NMEAmD_35pts_7km.json,727,727,970,220
NMEAmD_35pts_7km.json,727,729,970,230
NMEAmD_35pts_7km.json,727,732,970,240
NMEAmD_35pts_7km.json,727,734,970,250
NMEAmD_35pts_7km.json,727,697,980,100
NMEAmD_35pts_7km.json,727,699,980,110
NMEAmD_35pts_7km.json,727,702,980,120
NMEAmD_35pts_7km.json,727,704,980,130
NMEAmD_35pts_7km.json,727,707,980,140
NMEAmD_35pts_7km.json,727,709,980,150
NMEAmD_35pts_7km.json,727,712,980,160
NMEAmD_35pts_7km.json,727,714,980,170
NMEAmD_35pts_7km.json,727,717,980,180
NMEAmD_35pts_7km.json,727,719,980,190
NMEAmD_35pts_7km.json,727,722,980,200
NMEAmD_35pts_7km.json,727,724,980,210
NMEAmD_35pts_7km.json,727,727,980,220
NMEAmD_35pts_7km.json,727,729,980,230
NMEAmD_35pts_7km.json,727,732,980,240
NMEAmD_35pts_7km.json,727,734,980,250
NMEAmD_35pts_7km.json,727,697,990,100
NMEAmD_35pts_7km.json,727,699,990,110
NMEAmD_35pts_7km.json,727,702,990,120
NMEAmD_35pts_7km.json,727,704,990,130
NMEAmD_35pts_7km.json,727,707,990,140
NMEAmD_35pts_7km.json,727,709,990,150
NMEAmD_35pts_7km.json,727,712,990,160
NMEAmD_35pts_7km.json,727,714,990,170
NMEAmD_35pts_7km.json,727,717,990,180
NMEAmD_35pts_7km.json,727,719,990,190
NMEAmD_35pts_7km.json,727,722,990,200
NMEAmD_35pts_7km.json,727,724,990,210
NMEAmD_35pts_7km.json,727,727,990,220
NMEAmD_35pts_7km.json,727,729,990,230
NMEAmD_35pts_7km.json,727,732,990,240
NMEAmD_35pts_7km.json,727,734,990,250
